opponent,games,wins,draws,losses,score,pct,elo_diff,elo_err95
RubiChess 20240817,14,3,11,0,8.5,60.71,75.6,83.0
Horsie 1.1,15,3,12,0,9.0,60.00,70.4,77.2
Lizard 11.2,15,3,12,0,9.0,60.00,70.4,77.2
Starzix 6.0,14,2,12,0,8.0,57.14,50.0,68.4
Berserk 14,16,2,14,0,9.0,56.25,43.7,59.7
Tarnished 6.0-Eternal,16,2,14,0,9.0,56.25,43.7,59.7
Hobbes 3.0,16,1,15,0,8.5,53.12,21.7,42.9
pawnocchio 2.0.1,16,1,15,0,8.5,53.12,21.7,42.9
Caissa 2.0,16,1,15,0,8.5,53.12,21.7,42.9
PlentyChess 8.0.0,16,0,16,0,8.0,50.00,-0.0,0.0
Reckless 0.9.0,16,0,16,0,8.0,50.00,-0.0,0.0
Cinder 0.6.1,16,0,16,0,8.0,50.00,-0.0,0.0
Triumviratus 7.0,16,0,16,0,8.0,50.00,-0.0,0.0
Integral v8,16,0,16,0,8.0,50.00,-0.0,0.0
Stormphrax 8.0.0,16,0,16,0,8.0,50.00,-0.0,0.0
Viridithas 20.0.0,16,0,16,0,8.0,50.00,-0.0,0.0
Alexandria 9.0.0,16,0,16,0,8.0,50.00,-0.0,0.0
Obsidian 16.0,16,0,16,0,8.0,50.00,-0.0,0.0
Coda 0.9.4,16,0,16,0,8.0,50.00,-0.0,0.0
TOTALE,298,18,280,0,158.0,53.02,21.0,9.5
